-- phpMyAdmin SQL Dump
-- version 5.1.1
-- https://www.phpmyadmin.net/
--
-- Host: 127.0.0.1
-- Generation Time: Oct 26, 2021 at 11:28 AM
-- Server version: 10.4.20-MariaDB
-- PHP Version: 8.0.9

SET SQL_MODE = "NO_AUTO_VALUE_ON_ZERO";
START TRANSACTION;
SET time_zone = "+00:00";


/*!40101 SET @OLD_CHARACTER_SET_CLIENT=@@CHARACTER_SET_CLIENT */;
/*!40101 SET @OLD_CHARACTER_SET_RESULTS=@@CHARACTER_SET_RESULTS */;
/*!40101 SET @OLD_COLLATION_CONNECTION=@@COLLATION_CONNECTION */;
/*!40101 SET NAMES utf8mb4 */;

--
-- Database: `web-based-billing-management-system-v2`
--

-- --------------------------------------------------------

--
-- Table structure for table `tbl_academic_year`
--

CREATE TABLE `tbl_academic_year` (
  `academic_year` varchar(100) NOT NULL
) ENGINE=InnoDB DEFAULT CHARSET=utf8mb4;

--
-- Dumping data for table `tbl_academic_year`
--

INSERT INTO `tbl_academic_year` (`academic_year`) VALUES
('2021-2022');

-- --------------------------------------------------------

--
-- Table structure for table `tbl_accounts`
--

CREATE TABLE `tbl_accounts` (
  `user_id` int(20) NOT NULL,
  `fullname` varchar(255) NOT NULL,
  `email` varchar(255) NOT NULL,
  `password` longtext NOT NULL,
  `role` varchar(15) NOT NULL,
  `otp_code` varchar(100) NOT NULL,
  `otp_expiration` varchar(100) NOT NULL
) ENGINE=InnoDB DEFAULT CHARSET=utf8mb4;

--
-- Dumping data for table `tbl_accounts`
--

INSERT INTO `tbl_accounts` (`user_id`, `fullname`, `email`, `password`, `role`, `otp_code`, `otp_expiration`) VALUES
(2018301276, 'Denver Pulido', 'student01@gmail.com', 'Student-01', 'Student', '', ''),
(2018301301, 'Michael Isla', 'student02@gmail.com', 'Student-02', 'Student', '', ''),
(2021000001, 'Justine Dave Delos Reyes', 'administrator@gmail.com', 'Admin-01', 'Admin', '', ''),
(2021000002, 'Mery Ane Villano', 'registrar@gmail.com', 'Registrar-01', 'Registrar', '', ''),
(2021000003, 'Michael Isla', 'cashier01@gmail.com', 'Cashier-01', 'Cashier', '', '');

-- --------------------------------------------------------

--
-- Table structure for table `tbl_archive`
--

CREATE TABLE `tbl_archive` (
  `academic_year` varchar(100) NOT NULL,
  `user_id` int(20) NOT NULL,
  `fullname` varchar(255) NOT NULL,
  `email` varchar(255) NOT NULL,
  `password` longtext NOT NULL,
  `role` varchar(15) NOT NULL,
  `otp_code` varchar(100) NOT NULL,
  `otp_expiration` varchar(100) NOT NULL,
  `program_id` int(11) NOT NULL,
  `semester` varchar(100) NOT NULL,
  `course_year_level` varchar(100) NOT NULL,
  `tuition_fee` int(11) NOT NULL,
  `course_program` varchar(100) NOT NULL,
  `course_major` varchar(100) NOT NULL,
  `course_duration` int(11) NOT NULL,
  `discount_type` varchar(100) NOT NULL,
  `discount_percent` int(11) NOT NULL,
  `reg_no` varchar(255) NOT NULL,
  `employee_id` int(20) NOT NULL,
  `firstname` varchar(100) NOT NULL,
  `lastname` varchar(100) NOT NULL,
  `middlename` varchar(100) NOT NULL,
  `sex` varchar(20) NOT NULL,
  `address` longtext NOT NULL,
  `contact_number` varchar(15) NOT NULL,
  `joined_date` varchar(100) NOT NULL,
  `transaction_no` varchar(100) NOT NULL,
  `stud_id` int(11) NOT NULL,
  `amount` int(11) NOT NULL,
  `payment_method` varchar(100) NOT NULL,
  `payment_gateway` varchar(100) NOT NULL,
  `sales_invoice` longtext NOT NULL,
  `balance` int(11) NOT NULL,
  `transaction_date` date NOT NULL,
  `payment_status` varchar(100) NOT NULL,
  `remarks` varchar(100) NOT NULL,
  `cashier_id` int(11) NOT NULL,
  `cashier_name` varchar(100) NOT NULL,
  `status` varchar(100) NOT NULL,
  `reasonToDeny` longtext NOT NULL,
  `csi_year_level` varchar(100) NOT NULL,
  `scholar_type` varchar(100) NOT NULL,
  `total_amount_paid` int(11) NOT NULL,
  `registrar_id` int(11) NOT NULL,
  `registrar_name` varchar(100) NOT NULL,
  `form_137` varchar(100) NOT NULL,
  `form_138` varchar(100) NOT NULL,
  `psa_birth_cert` varchar(100) NOT NULL,
  `good_moral` varchar(100) NOT NULL,
  `LRN` varchar(100) NOT NULL,
  `stud_type` varchar(100) NOT NULL,
  `csi_academic_year` varchar(100) NOT NULL,
  `csi_semester` varchar(100) NOT NULL,
  `csi_program` varchar(255) NOT NULL,
  `csi_major` longtext NOT NULL
) ENGINE=InnoDB DEFAULT CHARSET=utf8mb4;

-- --------------------------------------------------------

--
-- Table structure for table `tbl_course_fees`
--

CREATE TABLE `tbl_course_fees` (
  `program_id` int(11) NOT NULL,
  `semester` varchar(100) NOT NULL,
  `course_year_level` varchar(100) NOT NULL,
  `tuition_fee` int(11) NOT NULL
) ENGINE=InnoDB DEFAULT CHARSET=utf8mb4;

--
-- Dumping data for table `tbl_course_fees`
--

INSERT INTO `tbl_course_fees` (`program_id`, `semester`, `course_year_level`, `tuition_fee`) VALUES
(1, '2', '4', 7500),
(2, '2', '4', 5000);

-- --------------------------------------------------------

--
-- Table structure for table `tbl_course_list`
--

CREATE TABLE `tbl_course_list` (
  `program_id` int(11) NOT NULL,
  `course_program` varchar(100) NOT NULL,
  `course_major` varchar(100) NOT NULL,
  `course_duration` int(11) NOT NULL
) ENGINE=InnoDB DEFAULT CHARSET=utf8mb4;

--
-- Dumping data for table `tbl_course_list`
--

INSERT INTO `tbl_course_list` (`program_id`, `course_program`, `course_major`, `course_duration`) VALUES
(1, 'BSIT', 'WMA', 4),
(2, 'BSIT', 'TSM', 4);

-- --------------------------------------------------------

--
-- Table structure for table `tbl_discount`
--

CREATE TABLE `tbl_discount` (
  `discount_type` varchar(100) NOT NULL,
  `discount_percent` int(11) NOT NULL
) ENGINE=InnoDB DEFAULT CHARSET=utf8mb4;

--
-- Dumping data for table `tbl_discount`
--

INSERT INTO `tbl_discount` (`discount_type`, `discount_percent`) VALUES
('Sibling Discount', 15);

-- --------------------------------------------------------

--
-- Table structure for table `tbl_employee_info`
--

CREATE TABLE `tbl_employee_info` (
  `reg_no` varchar(255) NOT NULL,
  `employee_id` int(20) NOT NULL,
  `role` varchar(20) NOT NULL,
  `firstname` varchar(100) NOT NULL,
  `lastname` varchar(100) NOT NULL,
  `middlename` varchar(100) NOT NULL,
  `sex` varchar(20) NOT NULL,
  `email` varchar(255) NOT NULL,
  `address` longtext NOT NULL,
  `contact_number` varchar(15) NOT NULL,
  `joined_date` varchar(100) NOT NULL
) ENGINE=InnoDB DEFAULT CHARSET=utf8mb4;

--
-- Dumping data for table `tbl_employee_info`
--

INSERT INTO `tbl_employee_info` (`reg_no`, `employee_id`, `role`, `firstname`, `lastname`, `middlename`, `sex`, `email`, `address`, `contact_number`, `joined_date`) VALUES
('20211', 2021000001, 'Registrar', 'Mery Ane', 'Villano', 'C', 'female', 'registrar@gmail.com', 'Calingcuan Tarlac City, Tarlac', '09123456789', 'October 26, 2021, 12:00 am'),
('202112', 2021000003, 'Cashier', 'Michael', 'Isla', 'Estrecho', 'male', 'cashier01@gmail.com', 'Tarlac City, Tarlac', '09456123789', 'October 26, 2021, 12:13 am');

-- --------------------------------------------------------

--
-- Table structure for table `tbl_payments`
--

CREATE TABLE `tbl_payments` (
  `transaction_no` varchar(100) NOT NULL,
  `program_id` int(11) NOT NULL,
  `stud_id` int(11) NOT NULL,
  `fullname` varchar(100) NOT NULL,
  `academic_year` varchar(100) NOT NULL,
  `semester` varchar(100) NOT NULL,
  `tuition_fee` int(100) NOT NULL,
  `amount` int(11) NOT NULL,
  `payment_method` varchar(100) NOT NULL,
  `payment_gateway` varchar(100) NOT NULL,
  `sales_invoice` longtext NOT NULL,
  `balance` int(11) NOT NULL,
  `transaction_date` date NOT NULL,
  `payment_status` varchar(100) NOT NULL,
  `remarks` varchar(100) NOT NULL,
  `cashier_id` int(11) NOT NULL,
  `cashier_name` varchar(100) NOT NULL
) ENGINE=InnoDB DEFAULT CHARSET=utf8mb4;

--
-- Dumping data for table `tbl_payments`
--

INSERT INTO `tbl_payments` (`transaction_no`, `program_id`, `stud_id`, `fullname`, `academic_year`, `semester`, `tuition_fee`, `amount`, `payment_method`, `payment_gateway`, `sales_invoice`, `balance`, `transaction_date`, `payment_status`, `remarks`, `cashier_id`, `cashier_name`) VALUES
('FT-001', 1, 2018301276, 'Denver Guieb Pulido', '2020-2021', '1', 100000, 10000, 'Online', 'Gcash', 'images.jpg', 0, '2021-10-26', 'Approved', 'Fully Paid', 2021000003, 'Michael Isla'),
('FT-002', 1, 2018301301, 'Michael Estrecho Isla', '2020-2021', '1', 7500, 5000, 'Cash', '', '', 0, '2021-10-26', 'Approved', 'Fully Paid', 2021000003, 'Michael Isla'),
('FT-003', 1, 2018301276, 'Denver Guieb Pulido', '2020-2021', '1', 100000, 20000, 'Online', 'Paymaya', 'images.jpg', 0, '2021-10-26', 'Approved', 'Fully Paid', 2021000003, 'Michael Isla'),
('FT-004', 1, 2018301276, 'Denver Guieb Pulido', '2020-2021', '1', 100000, 30000, 'Online', 'Remittance', 'images.jpg', 0, '2021-10-26', 'Approved', 'Fully Paid', 2021000003, 'Michael Isla'),
('FT-005', 1, 2018301276, 'Denver Guieb Pulido', '2020-2021', '1', 100000, 40000, 'Online', 'Bank Transfer', 'images.jpg', 0, '2021-10-26', 'Approved', 'Fully Paid', 2021000003, 'Michael Isla');

-- --------------------------------------------------------

--
-- Table structure for table `tbl_pending_payments`
--

CREATE TABLE `tbl_pending_payments` (
  `transaction_no` varchar(50) NOT NULL,
  `stud_id` int(11) NOT NULL,
  `fullname` varchar(100) NOT NULL,
  `email` varchar(255) NOT NULL,
  `amount` int(11) NOT NULL,
  `payment_gateway` varchar(100) NOT NULL,
  `sales_invoice` longtext NOT NULL,
  `transaction_date` date NOT NULL,
  `status` varchar(100) NOT NULL,
  `reasonToDeny` longtext NOT NULL
) ENGINE=InnoDB DEFAULT CHARSET=utf8mb4;

-- --------------------------------------------------------

--
-- Table structure for table `tbl_scholarship`
--

CREATE TABLE `tbl_scholarship` (
  `scholar_type` varchar(10) NOT NULL,
  `scholar_description` varchar(100) NOT NULL
) ENGINE=InnoDB DEFAULT CHARSET=utf8mb4;

--
-- Dumping data for table `tbl_scholarship`
--

INSERT INTO `tbl_scholarship` (`scholar_type`, `scholar_description`) VALUES
('Half', 'Athlete'),
('Full', 'Academic');

-- --------------------------------------------------------

--
-- Table structure for table `tbl_student_fees`
--

CREATE TABLE `tbl_student_fees` (
  `program_id` int(11) NOT NULL,
  `stud_id` int(11) NOT NULL,
  `fullname` varchar(100) NOT NULL,
  `csi_year_level` varchar(100) NOT NULL,
  `scholar_desc` varchar(100) NOT NULL,
  `scholar_type` varchar(255) NOT NULL,
  `discount_type` varchar(100) NOT NULL,
  `tuition_fee` int(100) NOT NULL,
  `total_amount_paid` int(11) NOT NULL,
  `balance` int(11) NOT NULL,
  `remarks` varchar(100) NOT NULL
) ENGINE=InnoDB DEFAULT CHARSET=utf8mb4;

--
-- Dumping data for table `tbl_student_fees`
--

INSERT INTO `tbl_student_fees` (`program_id`, `stud_id`, `fullname`, `csi_year_level`, `scholar_desc`, `scholar_type`, `discount_type`, `tuition_fee`, `total_amount_paid`, `balance`, `remarks`) VALUES
(1, 2018301301, 'Michael Estrecho Isla', '4', 'Academic', 'Full Scholar', 'N/A', 7500, 5000, 0, 'Fully Paid'),
(1, 2018301276, 'Denver Guieb Pulido', '4', 'Academic', 'Full Scholar', 'Sibling Discount', 100000, 80000, 0, 'Fully Paid');

-- --------------------------------------------------------

--
-- Table structure for table `tbl_student_info`
--

CREATE TABLE `tbl_student_info` (
  `reg_no` varchar(50) NOT NULL,
  `stud_id` int(15) NOT NULL,
  `firstname` varchar(100) NOT NULL,
  `lastname` varchar(100) NOT NULL,
  `middlename` varchar(100) NOT NULL,
  `sex` varchar(50) NOT NULL,
  `address` longtext NOT NULL,
  `email` varchar(255) NOT NULL,
  `contact_number` varchar(12) NOT NULL,
  `joined_date` varchar(100) NOT NULL DEFAULT 'N/A',
  `registrar_id` int(11) NOT NULL,
  `registrar_name` varchar(100) NOT NULL
) ENGINE=InnoDB DEFAULT CHARSET=utf8mb4;

--
-- Dumping data for table `tbl_student_info`
--

INSERT INTO `tbl_student_info` (`reg_no`, `stud_id`, `firstname`, `lastname`, `middlename`, `sex`, `address`, `email`, `contact_number`, `joined_date`, `registrar_id`, `registrar_name`) VALUES
('20211', 2018301276, 'Denver', 'Pulido', 'Guieb', 'male', 'Maliwalo Tarlac City, Tarlac', 'student01@gmail.com', '09483291587', 'October 26, 2021, 4:03 pm', 2021000002, 'Mery Ane Villano'),
('202112', 2018301301, 'Michael', 'Isla', 'Estrecho', 'male', 'Tarlac City, Tarlac', 'student02@gmail.com', '09987654321', 'October 26, 2021, 4:16 pm', 2021000002, 'Mery Ane Villano');

-- --------------------------------------------------------

--
-- Table structure for table `tbl_student_requirements`
--

CREATE TABLE `tbl_student_requirements` (
  `stud_id` int(11) NOT NULL,
  `form_137` varchar(100) NOT NULL,
  `form_138` varchar(100) NOT NULL,
  `psa_birth_cert` varchar(100) NOT NULL,
  `good_moral` varchar(100) NOT NULL
) ENGINE=InnoDB DEFAULT CHARSET=utf8mb4;

--
-- Dumping data for table `tbl_student_requirements`
--

INSERT INTO `tbl_student_requirements` (`stud_id`, `form_137`, `form_138`, `psa_birth_cert`, `good_moral`) VALUES
(2018301301, '10.26.21', '10.26.21', '10.26.21', '10.26.21'),
(2018301276, '10.26.21', '10.26.21', '10.26.21', '10.26.21');

-- --------------------------------------------------------

--
-- Table structure for table `tbl_student_school_details`
--

CREATE TABLE `tbl_student_school_details` (
  `stud_id` int(11) NOT NULL,
  `LRN` varchar(100) NOT NULL,
  `stud_type` varchar(100) NOT NULL,
  `csi_academic_year` varchar(100) NOT NULL,
  `csi_semester` varchar(100) NOT NULL,
  `csi_program` varchar(255) NOT NULL,
  `csi_major` longtext NOT NULL,
  `csi_year_level` varchar(100) NOT NULL
) ENGINE=InnoDB DEFAULT CHARSET=utf8mb4;

--
-- Dumping data for table `tbl_student_school_details`
--

INSERT INTO `tbl_student_school_details` (`stud_id`, `LRN`, `stud_type`, `csi_academic_year`, `csi_semester`, `csi_program`, `csi_major`, `csi_year_level`) VALUES
(2018301301, '12345678910', 'transferee', '2020-2021', '1', 'BSIT', 'WMA', '4'),
(2018301276, '104240046', 'old', '2020-2021', '1', 'BSIT', 'WMA', '4');

--
-- Indexes for dumped tables
--

--
-- Indexes for table `tbl_accounts`
--
ALTER TABLE `tbl_accounts`
  ADD PRIMARY KEY (`user_id`);

--
-- Indexes for table `tbl_course_list`
--
ALTER TABLE `tbl_course_list`
  ADD PRIMARY KEY (`program_id`);

--
-- Indexes for table `tbl_discount`
--
ALTER TABLE `tbl_discount`
  ADD PRIMARY KEY (`discount_type`);

--
-- Indexes for table `tbl_employee_info`
--
ALTER TABLE `tbl_employee_info`
  ADD PRIMARY KEY (`employee_id`);

--
-- Indexes for table `tbl_payments`
--
ALTER TABLE `tbl_payments`
  ADD PRIMARY KEY (`transaction_no`);

--
-- Indexes for table `tbl_pending_payments`
--
ALTER TABLE `tbl_pending_payments`
  ADD PRIMARY KEY (`transaction_no`);

--
-- Indexes for table `tbl_student_info`
--
ALTER TABLE `tbl_student_info`
  ADD PRIMARY KEY (`stud_id`);
COMMIT;

/*!40101 SET CHARACTER_SET_CLIENT=@OLD_CHARACTER_SET_CLIENT */;
/*!40101 SET CHARACTER_SET_RESULTS=@OLD_CHARACTER_SET_RESULTS */;
/*!40101 SET COLLATION_CONNECTION=@OLD_COLLATION_CONNECTION */;
